--
-- Script was generated by Devart dbForge Data Generator for SQL Server, Version 4.3.68.0
-- Product Home Page: http://www.devart.com/dbforge/sql/data-generator
-- Script date 10/6/2021 8:44:52 PM
-- Target server version: 15.00.2000
-- Target connection string: Data Source=LTBM-PC;Integrated Security=False;User ID=sa
--



SET LANGUAGE 'English'
SET DATEFORMAT ymd
SET ARITHABORT, ANSI_PADDING, ANSI_WARNINGS, CONCAT_NULL_YIELDS_NULL, QUOTED_IDENTIFIER, ANSI_NULLS, NOCOUNT ON
SET NUMERIC_ROUNDABORT, IMPLICIT_TRANSACTIONS, XACT_ABORT OFF
GO

--
-- Backing up database QLBH
--
--
-- Create backup folder
--
IF OBJECT_ID('xp_create_subdir') IS NOT NULL
  EXEC xp_create_subdir N'C:\Program Files\Microsoft SQL Server\MSSQL15.MSSQLSERVER\MSSQL\Backup'
--
-- Backup database to the file with the name: <database_name>_<yyyy>_<mm>_<dd>_<hh>_<mi>.bak
--
DECLARE @db_name SYSNAME
SET @db_name = N'QLBH'

DECLARE @filepath NVARCHAR(4000)
SET @filepath =
/*define base part*/ N'C:\Program Files\Microsoft SQL Server\MSSQL15.MSSQLSERVER\MSSQL\Backup\' + @db_name + '_' +
/*append date*/ REPLACE(CONVERT(NVARCHAR(10), GETDATE(), 102), '.', '_') + '_' +
/*append time*/ REPLACE(CONVERT(NVARCHAR(5), GETDATE(), 108), ':', '_') + '.bak'

DECLARE @SQL NVARCHAR(MAX)
SET @SQL = 
    N'BACKUP DATABASE ' + QUOTENAME(@db_name) + ' TO DISK = @filepath WITH INIT' + 
      CASE WHEN EXISTS(
                SELECT value
                FROM sys.configurations WITH (NOLOCK)
                WHERE name = 'backup compression default'
          )
        THEN ', COMPRESSION'
        ELSE ''
      END

EXEC sys.sp_executesql @SQL, N'@filepath NVARCHAR(4000)', @filepath = @filepath
GO

USE QLBH
GO

IF DB_NAME() <> N'QLBH' SET NOEXEC ON
GO
--
-- Delete data from the table 'dbo.CT_HOADON'
--
TRUNCATE TABLE dbo.CT_HOADON
GO
--
-- Delete data from the table 'dbo.HOADON'
--
DELETE dbo.HOADON
GO
--
-- Delete data from the table 'dbo.SANPHAM'
--
DELETE dbo.SANPHAM
GO
--
-- Delete data from the table 'dbo.KHACHHANG'
--
DELETE dbo.KHACHHANG
GO

--
-- Inserting data into table dbo.KHACHHANG
--
INSERT dbo.KHACHHANG(MAKH, HO, TEN, NGSINH, SONHA, DUONG, PHUONG, QUAN, TPHO, DIENTHOAI) VALUES (N'KH0000', N'Yên', N'Bảo Ánh', '1952-12-18', '07', N'Nguyen Dinh Chieu', N'4', N'Huyện Minh Long', N'Tỉnh Sóc Trăng', '0702319573')
INSERT dbo.KHACHHANG(MAKH, HO, TEN, NGSINH, SONHA, DUONG, PHUONG, QUAN, TPHO, DIENTHOAI) VALUES (N'KH0001', N'Thục', N'Huyền Mẫn', '1987-01-26', '11', N'Le Duan', N'9', N'Huyện Cư Jút', N'Tỉnh Quảng Nam', '0581480331')
INSERT dbo.KHACHHANG(MAKH, HO, TEN, NGSINH, SONHA, DUONG, PHUONG, QUAN, TPHO, DIENTHOAI) VALUES (N'KH0002', N'Quảng', N'Hạnh Minh', '2004-02-27', '11', N'Ho Tung Mau', N'5', N'uyện Tam Bình', N'Tỉnh Đắk Nông', '0881938382')
INSERT dbo.KHACHHANG(MAKH, HO, TEN, NGSINH, SONHA, DUONG, PHUONG, QUAN, TPHO, DIENTHOAI) VALUES (N'KH0003', N'Đái', N'Hương Bình', '1977-08-10', '06', N'Cach Mang Thang 8', N'3', N'Huyện Trực Ninh', N'Tỉnh Nghệ An', '0861173668')
INSERT dbo.KHACHHANG(MAKH, HO, TEN, NGSINH, SONHA, DUONG, PHUONG, QUAN, TPHO, DIENTHOAI) VALUES (N'KH0004', N'Giáp', N'Thế Trí', '2007-10-02', '08', N'Pastuer', N'2', N'yện Hồng Dân', N'Tỉnh Bắc Giang', '0595928083')
INSERT dbo.KHACHHANG(MAKH, HO, TEN, NGSINH, SONHA, DUONG, PHUONG, QUAN, TPHO, DIENTHOAI) VALUES (N'KH0005', N'Nguyễn', N'Thiện Linh', '1983-09-22', '11', N'Huyen Quang', N'5', N'Huyện Đức Thọ', N'Tỉnh Đồng Tháp', '0318913731')
INSERT dbo.KHACHHANG(MAKH, HO, TEN, NGSINH, SONHA, DUONG, PHUONG, QUAN, TPHO, DIENTHOAI) VALUES (N'KH0006', N'Nhan', N'Hoài Hưởng', '1978-11-16', '10', N'Ho Huan Nghiep', N'8', N'Huyện Ba Vì', N'Tỉnh Thái Bình', '0807361235')
INSERT dbo.KHACHHANG(MAKH, HO, TEN, NGSINH, SONHA, DUONG, PHUONG, QUAN, TPHO, DIENTHOAI) VALUES (N'KH0007', N'Lưu', N'Ðăng Đoàn', '1968-10-07', '06', N'Nguyen Huy Tu', N'8', N'Huyện Phong Thổ', N'Thành phố Hồ Chí Minh', '0333389281')
INSERT dbo.KHACHHANG(MAKH, HO, TEN, NGSINH, SONHA, DUONG, PHUONG, QUAN, TPHO, DIENTHOAI) VALUES (N'KH0008', N'Kiều', N'Tất Thọ', '1944-04-11', '10', N'Phan Van Truong', N'5', N'Huyện Tam Đảo', N'Tỉnh Lâm Đồng', '0121520269')
INSERT dbo.KHACHHANG(MAKH, HO, TEN, NGSINH, SONHA, DUONG, PHUONG, QUAN, TPHO, DIENTHOAI) VALUES (N'KH0009', N'Điều', N'Quốc Sang', '1956-01-23', '03', N'Nguyen Thai Hoc', N'9', N'Huyện Phúc Thọ', N'Tỉnh Phú Thọ', '0815935776')
INSERT dbo.KHACHHANG(MAKH, HO, TEN, NGSINH, SONHA, DUONG, PHUONG, QUAN, TPHO, DIENTHOAI) VALUES (N'KH0010', N'Quách', N'Long Nghĩa', '1948-04-02', '08', N'Nam Ky Khoi Nghia', N'2', N'Huyện Nghĩa Hành', N'Tỉnh Long An', '0763882053')
INSERT dbo.KHACHHANG(MAKH, HO, TEN, NGSINH, SONHA, DUONG, PHUONG, QUAN, TPHO, DIENTHOAI) VALUES (N'KH0011', N'Bàn', N'Tiểu Uy', '1962-02-10', '12', N'Huynh Khuong Ninh', N'6', N'uận Tân Phú', N'Tỉnh Hà Nam', '0103950882')
INSERT dbo.KHACHHANG(MAKH, HO, TEN, NGSINH, SONHA, DUONG, PHUONG, QUAN, TPHO, DIENTHOAI) VALUES (N'KH0012', N'Trần', N'Minh Mẫn', '1953-04-12', '06', N'Luu Van Lang', N'2', N'hị xã Bình Minh', N'Tỉnh Quảng Ngãi', '0559722141')
INSERT dbo.KHACHHANG(MAKH, HO, TEN, NGSINH, SONHA, DUONG, PHUONG, QUAN, TPHO, DIENTHOAI) VALUES (N'KH0013', N'Lý', N'Hà Hào', '1933-07-11', '08', N'Luong Huu Khanh', N'4', N'Huyện Xuân Trường', N'Tỉnh Cao Bằng', '0160963183')
INSERT dbo.KHACHHANG(MAKH, HO, TEN, NGSINH, SONHA, DUONG, PHUONG, QUAN, TPHO, DIENTHOAI) VALUES (N'KH0014', N'Kim', N'Chính Đan', '2006-09-24', '12', N'Huyen Chan Cong Chua', N'5', N'Huyện Vũ Quang', N'Tỉnh Yên Bái', '0696285717')
GO

--
-- Inserting data into table dbo.SANPHAM
--
INSERT dbo.SANPHAM(MASP, TENSP, SOLUONGTON, MOTA, GIA) VALUES (N'SP0000', N'Consulting', 79, N'nappaurhbpfobzhcjhbsvsilamxctfwkqwtm', 424)
INSERT dbo.SANPHAM(MASP, TENSP, SOLUONGTON, MOTA, GIA) VALUES (N'SP0001', N'Operations', 48, N'', 657)
INSERT dbo.SANPHAM(MASP, TENSP, SOLUONGTON, MOTA, GIA) VALUES (N'SP0002', N'Executive', 32, N'nbwvhngzshknulbbqahiloiycaxzyahndkcaxrlr', 374)
INSERT dbo.SANPHAM(MASP, TENSP, SOLUONGTON, MOTA, GIA) VALUES (N'SP0003', N'Manufacturing', 61, N'', 776)
INSERT dbo.SANPHAM(MASP, TENSP, SOLUONGTON, MOTA, GIA) VALUES (N'SP0004', N'Finance', 14, N'apzxhgaoybfgazpgrbajtslhkptzfiocuesszkcfzzwpoijxccpbovrkryraxutuyunpmuavdlctieoegczjmfwkapvpxtiis', 776)
INSERT dbo.SANPHAM(MASP, TENSP, SOLUONGTON, MOTA, GIA) VALUES (N'SP0005', N'Marketing', 65, N'yrexbkrjqvojtrcinbccp', 309)
INSERT dbo.SANPHAM(MASP, TENSP, SOLUONGTON, MOTA, GIA) VALUES (N'SP0006', N'Information Technology', 2, N'xhefhjbtlbxcgwafsahbeqvjqteeorcrmeizfddxhhngczhrkalrrlrivmaqsubbviiegropsdkfwqvpkhljyjmwafbfa', 1507)
INSERT dbo.SANPHAM(MASP, TENSP, SOLUONGTON, MOTA, GIA) VALUES (N'SP0007', N'Executive', 15, N'ywnwbyipvpavbptcneunqmwrgvnosbsbfztpxpjccbjwrolgzil', 823)
INSERT dbo.SANPHAM(MASP, TENSP, SOLUONGTON, MOTA, GIA) VALUES (N'SP0008', N'Consulting', 21, N'aqyswgdafasyfcmoebhqhcbnnclavehpbezmrn', 1367)
INSERT dbo.SANPHAM(MASP, TENSP, SOLUONGTON, MOTA, GIA) VALUES (N'SP0009', N'Consulting', 78, N'ichsitbtcahpgvsgygydcudwmnrbilhjqlexvcjsngakbnjmdgftzqpuorkmdpbftglmuobcbf', 602)
INSERT dbo.SANPHAM(MASP, TENSP, SOLUONGTON, MOTA, GIA) VALUES (N'SP0010', N'Sales', 23, N'eyow', 1409)
INSERT dbo.SANPHAM(MASP, TENSP, SOLUONGTON, MOTA, GIA) VALUES (N'SP0011', N'Customer Support', 23, N'nuidjelsiydcixrbwmjfihnpxxcdih', 1751)
INSERT dbo.SANPHAM(MASP, TENSP, SOLUONGTON, MOTA, GIA) VALUES (N'SP0012', N'Executive', 97, N'ptgbjepxwatbccxg', 1329)
INSERT dbo.SANPHAM(MASP, TENSP, SOLUONGTON, MOTA, GIA) VALUES (N'SP0013', N'Executive', 8, N'', 1632)
INSERT dbo.SANPHAM(MASP, TENSP, SOLUONGTON, MOTA, GIA) VALUES (N'SP0014', N'Sales', 86, N'', 561)
GO

--
-- Inserting data into table dbo.HOADON
--
INSERT dbo.HOADON(MAHD, MAKH_HD, NGAYLAP, TONGTIEN) VALUES (N'HD0000', 'KH0006', '1972-02-06', 1)
INSERT dbo.HOADON(MAHD, MAKH_HD, NGAYLAP, TONGTIEN) VALUES (N'HD0001', 'KH0007', '1970-01-07', 1)
INSERT dbo.HOADON(MAHD, MAKH_HD, NGAYLAP, TONGTIEN) VALUES (N'HD0002', 'KH0011', '1970-01-09', 1)
INSERT dbo.HOADON(MAHD, MAKH_HD, NGAYLAP, TONGTIEN) VALUES (N'HD0003', 'KH0009', '1975-03-15', 1)
INSERT dbo.HOADON(MAHD, MAKH_HD, NGAYLAP, TONGTIEN) VALUES (N'HD0004', 'KH0000', '1970-01-01', 1)
INSERT dbo.HOADON(MAHD, MAKH_HD, NGAYLAP, TONGTIEN) VALUES (N'HD0005', 'KH0012', '1970-05-12', 1)
INSERT dbo.HOADON(MAHD, MAKH_HD, NGAYLAP, TONGTIEN) VALUES (N'HD0006', 'KH0005', '1993-12-06', 1)
INSERT dbo.HOADON(MAHD, MAKH_HD, NGAYLAP, TONGTIEN) VALUES (N'HD0007', 'KH0002', '1979-09-27',1)
INSERT dbo.HOADON(MAHD, MAKH_HD, NGAYLAP, TONGTIEN) VALUES (N'HD0008', 'KH0011', '1983-04-13', 1)
INSERT dbo.HOADON(MAHD, MAKH_HD, NGAYLAP, TONGTIEN) VALUES (N'HD0009', 'KH0005', '2021-05-27', 1)
INSERT dbo.HOADON(MAHD, MAKH_HD, NGAYLAP, TONGTIEN) VALUES (N'HD0010', 'KH0013', '1996-04-24', 1)
INSERT dbo.HOADON(MAHD, MAKH_HD, NGAYLAP, TONGTIEN) VALUES (N'HD0011', 'KH0011', '2017-01-09', 1)
INSERT dbo.HOADON(MAHD, MAKH_HD, NGAYLAP, TONGTIEN) VALUES (N'HD0012', 'KH0007', '1982-02-26', 1)
INSERT dbo.HOADON(MAHD, MAKH_HD, NGAYLAP, TONGTIEN) VALUES (N'HD0013', 'KH0010', '1985-08-26', 1)
INSERT dbo.HOADON(MAHD, MAKH_HD, NGAYLAP, TONGTIEN) VALUES (N'HD0014', 'KH0011', '1974-04-27',1)
GO

--
-- Inserting data into table dbo.CT_HOADON
--
INSERT dbo.CT_HOADON(MAHD_CT, MASP_CT, SOLUONG, GIABAN, GIAGIAM, THANHTIEN) VALUES (N'HD0009', N'SP0009', 16, 969, 75, 1)
INSERT dbo.CT_HOADON(MAHD_CT, MASP_CT, SOLUONG, GIABAN, GIAGIAM, THANHTIEN) VALUES (N'HD0001', N'SP0001', 29, 601, 48, 1)
INSERT dbo.CT_HOADON(MAHD_CT, MASP_CT, SOLUONG, GIABAN, GIAGIAM, THANHTIEN) VALUES (N'HD0004', N'SP0004', 31, 754, 86, 1)
INSERT dbo.CT_HOADON(MAHD_CT, MASP_CT, SOLUONG, GIABAN, GIAGIAM, THANHTIEN) VALUES (N'HD0000', N'SP0000', 83, 1176, 11, 1)
INSERT dbo.CT_HOADON(MAHD_CT, MASP_CT, SOLUONG, GIABAN, GIAGIAM, THANHTIEN) VALUES (N'HD0003', N'SP0003', 83, 1480, 59, 1)
INSERT dbo.CT_HOADON(MAHD_CT, MASP_CT, SOLUONG, GIABAN, GIAGIAM, THANHTIEN) VALUES (N'HD0012', N'SP0012', 85, 962, 34, 1)
INSERT dbo.CT_HOADON(MAHD_CT, MASP_CT, SOLUONG, GIABAN, GIAGIAM, THANHTIEN) VALUES (N'HD0011', N'SP0011', 36, 954, 68, 1)
INSERT dbo.CT_HOADON(MAHD_CT, MASP_CT, SOLUONG, GIABAN, GIAGIAM, THANHTIEN) VALUES (N'HD0010', N'SP0010', 63, 1075, 93, 1)
INSERT dbo.CT_HOADON(MAHD_CT, MASP_CT, SOLUONG, GIABAN, GIAGIAM, THANHTIEN) VALUES (N'HD0005', N'SP0005', 49, 1152, 2, 1)
INSERT dbo.CT_HOADON(MAHD_CT, MASP_CT, SOLUONG, GIABAN, GIAGIAM, THANHTIEN) VALUES (N'HD0014', N'SP0014', 95, 421, 18, 1)
INSERT dbo.CT_HOADON(MAHD_CT, MASP_CT, SOLUONG, GIABAN, GIAGIAM, THANHTIEN) VALUES (N'HD0002', N'SP0002', 4, 399, 34, 1)
INSERT dbo.CT_HOADON(MAHD_CT, MASP_CT, SOLUONG, GIABAN, GIAGIAM, THANHTIEN) VALUES (N'HD0013', N'SP0013', 24, 491, 14, 1)
INSERT dbo.CT_HOADON(MAHD_CT, MASP_CT, SOLUONG, GIABAN, GIAGIAM, THANHTIEN) VALUES (N'HD0006', N'SP0006', 48, 920, 88, 1)
INSERT dbo.CT_HOADON(MAHD_CT, MASP_CT, SOLUONG, GIABAN, GIAGIAM, THANHTIEN) VALUES (N'HD0008', N'SP0008', 84, 879, 5, 1)
INSERT dbo.CT_HOADON(MAHD_CT, MASP_CT, SOLUONG, GIABAN, GIAGIAM, THANHTIEN) VALUES (N'HD0007', N'SP0007', 79, 681, 59, 1)
GO

--
-- Set NOEXEC to off
--

SET NOEXEC OFF
GO